rule,absolutegrowth
B12345678/S8256,2473.64880952
B12345678/S8257,2473.64880952
B12345678/S156,2473.64880952
B12345678/S157,2473.64880952
B12345678/S81,2473.64880952
B12345678/S4567,2473.64880952
B12345678/S82457,2473.64880952
B12345678/S82456,2473.64880952
B12345678/S846,2473.64880952
B12345678/S847,2473.64880952
B12345678/S845,2473.64880952
B12345678/S81347,2473.64880952
B12345678/S13457,2473.64880952
B12345678/S13456,2473.64880952
B12345678/S234567,2473.64880952
B12345678/S1456,2473.64880952
B12345678/S123456,2473.64880952
B12345678/S123457,2473.64880952
B12345678/S123458,2473.64880952
B12345678/S234568,2473.64880952
B12345678/S1234578,2473.64880952
B12345678/S147,2473.64880952
B12345678/S146,2473.64880952
B12345678/S145,2473.64880952
B12345678/S8137,2473.64880952
B12345678/S8136,2473.64880952
B12345678/S8135,2473.64880952
B12345678/S8134,2473.64880952
B12345678/S457,2473.64880952
B12345678/S456,2473.64880952
B12345678/S857,2473.64880952
B12345678/S856,2473.64880952
B12345678/S124678,2473.64880952
B12345678/S81357,2473.64880952
B12345678/S81356,2473.64880952
B12345678/S83467,2473.64880952
B12345678/S13467,2473.64880952
B12345678/S234578,2473.64880952
B12345678/S83456,2473.64880952
B12345678/S83457,2473.64880952
B12345678/S123468,2473.64880952
B12345678/S1234568,2473.64880952
B12345678/S1234567,2473.64880952
B12345678/S8234,2473.64880952
B12345678/S8235,2473.64880952
B12345678/S8236,2473.64880952
B12345678/S8237,2473.64880952
B12345678/S8124,2473.64880952
B12345678/S8125,2473.64880952
B12345678/S8126,2473.64880952
B12345678/S8127,2473.64880952
B12345678/S8123,2473.64880952
B12345678/S467,2473.64880952
B12345678/S867,2473.64880952
B12345678/S81367,2473.64880952
B12345678/S123478,2473.64880952
B12345678/S23456,2473.64880952
B12345678/S23457,2473.64880952
B12345678/S81567,2473.64880952
B12345678/S4,2473.64880952
B12345678/S5,2473.64880952
B12345678/S6,2473.64880952
B12345678/S7,2473.64880952
B12345678/S1,2473.64880952
B12345678/S2,2473.64880952
B12345678/S3,2473.64880952
B12345678/S8,2473.64880952
B12345678/S81346,2473.64880952
B12345678/S2467,2473.64880952
B12345678/S1267,2473.64880952
B12345678/S1467,2473.64880952
B12345678/S16,2473.64880952
B12345678/S17,2473.64880952
B12345678/S14,2473.64880952
B12345678/S15,2473.64880952
B12345678/S12,2473.64880952
B12345678/S13,2473.64880952
B12345678/S267,2473.64880952
B12345678/S345678,2473.64880952
B12345678/S12456,2473.64880952
B12345678/S12457,2473.64880952
B12345678/S134678,2473.64880952
B12345678/S1457,2473.64880952
B12345678/S123678,2473.64880952
B12345678/S1257,2473.64880952
B12345678/S1256,2473.64880952
B12345678/S8357,2473.64880952
B12345678/S8356,2473.64880952
B12345678/S827,2473.64880952
B12345678/S23,2473.64880952
B12345678/S27,2473.64880952
B12345678/S26,2473.64880952
B12345678/S25,2473.64880952
B12345678/S24,2473.64880952
B12345678/S1247,2473.64880952
B12345678/S1245,2473.64880952
B12345678/S24567,2473.64880952
B12345678/S8345,2473.64880952
B12345678/S8346,2473.64880952
B12345678/S8347,2473.64880952
B12345678/S23467,2473.64880952
B12345678/S8167,2473.64880952
B12345678/S34,2473.64880952
B12345678/S35,2473.64880952
B12345678/S36,2473.64880952
B12345678/S37,2473.64880952
B12345678/S245,2473.64880952
B12345678/S246,2473.64880952
B12345678/S247,2473.64880952
B12345678/S135678,2473.64880952
B12345678/S235678,2473.64880952
B12345678/S83567,2473.64880952
B12345678/S2456,2473.64880952
B12345678/S2457,2473.64880952
B12345678/S1246,2473.64880952
B12345678/S1347,2473.64880952
B12345678/S1346,2473.64880952
B12345678/S1345,2473.64880952
B12345678/S145678,2473.64880952
B12345678/S45,2473.64880952
B12345678/S47,2473.64880952
B12345678/S46,2473.64880952
B12345678/S257,2473.64880952
B12345678/S256,2473.64880952
B12345678/S12467,2473.64880952
B12345678/S3467,2473.64880952
B12345678/S8157,2473.64880952
B12345678/S8156,2473.64880952
B12345678/S1356,2473.64880952
B12345678/S1357,2473.64880952
B12345678/S1234678,2473.64880952
B12345678/S8367,2473.64880952
B12345678/S8567,2473.64880952
B12345678/S82567,2473.64880952
B12345678/S56,2473.64880952
B12345678/S57,2473.64880952
B12345678/S82367,2473.64880952
B12345678/S3457,2473.64880952
B12345678/S3456,2473.64880952
B12345678/S136,2473.64880952
B12345678/S137,2473.64880952
B12345678/S134,2473.64880952
B12345678/S135,2473.64880952
B12345678/S8146,2473.64880952
B12345678/S8147,2473.64880952
B12345678/S8145,2473.64880952
B12345678/S356,2473.64880952
B12345678/S357,2473.64880952
B12345678/S1367,2473.64880952
B12345678/S81345,2473.64880952
B12345678/S1567,2473.64880952
B12345678/S67,2473.64880952
B12345678/S14567,2473.64880952
B12345678/S235,2473.64880952
B12345678/S234,2473.64880952
B12345678/S237,2473.64880952
B12345678/S236,2473.64880952
B12345678/S81456,2473.64880952
B12345678/S81457,2473.64880952
B12345678/S82356,2473.64880952
B12345678/S82357,2473.64880952
B12345678/S23567,2473.64880952
B12345678/S125,2473.64880952
B12345678/S124,2473.64880952
B12345678/S127,2473.64880952
B12345678/S126,2473.64880952
B12345678/S123,2473.64880952
B12345678/S245678,2473.64880952
B12345678/S124568,2473.64880952
B12345678/S85,2473.64880952
B12345678/S84,2473.64880952
B12345678/S87,2473.64880952
B12345678/S86,2473.64880952
B12345678/S124567,2473.64880952
B12345678/S83,2473.64880952
B12345678/S82,2473.64880952
B12345678/S345,2473.64880952
B12345678/S347,2473.64880952
B12345678/S346,2473.64880952
B12345678/S123578,2473.64880952
B12345678/S1235678,2473.64880952
B12345678/S82345,2473.64880952
B12345678/S82347,2473.64880952
B12345678/S82346,2473.64880952
B12345678/S124578,2473.64880952
B12345678/S12345,2473.64880952
B12345678/S12346,2473.64880952
B12345678/S12347,2473.64880952
B12345678/S123467,2473.64880952
B12345678/S234678,2473.64880952
B12345678/S34567,2473.64880952
B12345678/S13567,2473.64880952
B12345678/S123567,2473.64880952
B12345678/S123568,2473.64880952
B12345678/S2567,2473.64880952
B12345678/S2367,2473.64880952
B12345678/S125678,2473.64880952
B12345678/S8267,2473.64880952
B12345678/S1245678,2473.64880952
B12345678/S367,2473.64880952
B12345678/S567,2473.64880952
B12345678/S82467,2473.64880952
B12345678/S12357,2473.64880952
B12345678/S12356,2473.64880952
B12345678/S134578,2473.64880952
B12345678/S815,2473.64880952
B12345678/S814,2473.64880952
B12345678/S817,2473.64880952
B12345678/S816,2473.64880952
B12345678/S813,2473.64880952
B12345678/S812,2473.64880952
B12345678/S81267,2473.64880952
B12345678/S81234,2473.64880952
B12345678/S81235,2473.64880952
B12345678/S81236,2473.64880952
B12345678/S81237,2473.64880952
B12345678/S2357,2473.64880952
B12345678/S2356,2473.64880952
B12345678/S2345678,2473.64880952
B12345678/S8456,2473.64880952
B12345678/S8457,2473.64880952
B12345678/S81467,2473.64880952
B12345678/S12567,2473.64880952
B12345678/S3567,2473.64880952
B12345678/S84567,2473.64880952
B12345678/S134568,2473.64880952
B12345678/S134567,2473.64880952
B12345678/S12367,2473.64880952
B12345678/S823,2473.64880952
B12345678/S824,2473.64880952
B12345678/S825,2473.64880952
B12345678/S826,2473.64880952
B12345678/S81256,2473.64880952
B12345678/S81257,2473.64880952
B12345678/S2346,2473.64880952
B12345678/S2347,2473.64880952
B12345678/S2345,2473.64880952
B12345678/S1237,2473.64880952
B12345678/S1236,2473.64880952
B12345678/S1235,2473.64880952
B12345678/S1234,2473.64880952
B12345678/S8467,2473.64880952
B12345678/S8245,2473.64880952
B12345678/S8247,2473.64880952
B12345678/S8246,2473.64880952
B12345678/S167,2473.64880952
B12345678/S837,2473.64880952
B12345678/S836,2473.64880952
B12345678/S835,2473.64880952
B12345678/S834,2473.64880952
B12345678/S81245,2473.64880952
B12345678/S81247,2473.64880952
B12345678/S81246,2473.64880952
B12345678/S1345678,2473.64880952
B12345678/S12345678,2473.64880952
B1234567/S82456,2473.52380952
B1234567/S82457,2473.52380952
B1234567/S234578,2473.52380952
B1234567/S83467,2473.52380952
B1234567/S8367,2473.52380952
B1234567/S81237,2473.52380952
B1234567/S81236,2473.52380952
B1234567/S81235,2473.52380952
B1234567/S81234,2473.52380952
B1234567/S8567,2473.52380952
B1234567/S81347,2473.52380952
B1234567/S81346,2473.52380952
B1234567/S81345,2473.52380952
B1234567/S867,2473.52380952
B1234567/S123578,2473.52380952
B1234567/S8236,2473.52380952
B1234567/S83457,2473.52380952
B1234567/S83456,2473.52380952
B1234567/S345678,2473.52380952
B1234567/S134578,2473.52380952
B1234567/S81356,2473.52380952
B1234567/S81357,2473.52380952
B1234567/S123568,2473.52380952
B1234567/S125678,2473.52380952
B1234567/S8,2473.52380952
B1234567/S8167,2473.52380952
B1234567/S134568,2473.52380952
B1234567/S81,2473.52380952
B1234567/S82,2473.52380952
B1234567/S83,2473.52380952
B1234567/S84,2473.52380952
B1234567/S85,2473.52380952
B1234567/S86,2473.52380952
B1234567/S87,2473.52380952
B1234567/S8235,2473.52380952
B1234567/S8234,2473.52380952
B1234567/S8237,2473.52380952
B1234567/S81367,2473.52380952
B1234567/S8156,2473.52380952
B1234567/S8157,2473.52380952
B1234567/S812,2473.52380952
B1234567/S813,2473.52380952
B1234567/S816,2473.52380952
B1234567/S817,2473.52380952
B1234567/S814,2473.52380952
B1234567/S815,2473.52380952
B1234567/S234568,2473.52380952
B1234567/S81567,2473.52380952
B1234567/S8147,2473.52380952
B1234567/S8146,2473.52380952
B1234567/S8457,2473.52380952
B1234567/S8456,2473.52380952
B1234567/S827,2473.52380952
B1234567/S826,2473.52380952
B1234567/S825,2473.52380952
B1234567/S824,2473.52380952
B1234567/S823,2473.52380952
B1234567/S83567,2473.52380952
B1234567/S8136,2473.52380952
B1234567/S8137,2473.52380952
B1234567/S8134,2473.52380952
B1234567/S8135,2473.52380952
B1234567/S8267,2473.52380952
B1234567/S82367,2473.52380952
B1234567/S8467,2473.52380952
B1234567/S1245678,2473.52380952
B1234567/S834,2473.52380952
B1234567/S835,2473.52380952
B1234567/S836,2473.52380952
B1234567/S837,2473.52380952
B1234567/S1234678,2473.52380952
B1234567/S1235678,2473.52380952
B1234567/S124678,2473.52380952
B1234567/S123458,2473.52380952
B1234567/S82567,2473.52380952
B1234567/S8123,2473.52380952
B1234567/S8125,2473.52380952
B1234567/S8124,2473.52380952
B1234567/S8127,2473.52380952
B1234567/S8126,2473.52380952
B1234567/S82357,2473.52380952
B1234567/S82356,2473.52380952
B1234567/S123468,2473.52380952
B1234567/S134678,2473.52380952
B1234567/S82346,2473.52380952
B1234567/S82347,2473.52380952
B1234567/S82345,2473.52380952
B1234567/S12345678,2473.52380952
B1234567/S8245,2473.52380952
B1234567/S8246,2473.52380952
B1234567/S8247,2473.52380952
B1234567/S123678,2473.52380952
B1234567/S123478,2473.52380952
B1234567/S81457,2473.52380952
B1234567/S81456,2473.52380952
B1234567/S8257,2473.52380952
B1234567/S8256,2473.52380952
B1234567/S1345678,2473.52380952
B1234567/S124568,2473.52380952
B1234567/S135678,2473.52380952
B1234567/S84567,2473.52380952
B1234567/S245678,2473.52380952
B1234567/S145678,2473.52380952
B1234567/S82467,2473.52380952
B1234567/S1234578,2473.52380952
B1234567/S124578,2473.52380952
B1234567/S8356,2473.52380952
B1234567/S235678,2473.52380952
B1234567/S81267,2473.52380952
B1234567/S1234568,2473.52380952
B1234567/S2345678,2473.52380952
B1234567/S8345,2473.52380952
B1234567/S8347,2473.52380952
B1234567/S8346,2473.52380952
B1234567/S81257,2473.52380952
B1234567/S81256,2473.52380952
B1234567/S845,2473.52380952
B1234567/S847,2473.52380952
B1234567/S846,2473.52380952
B1234567/S8145,2473.52380952
B1234567/S8357,2473.52380952
B1234567/S81467,2473.52380952
B1234567/S234678,2473.52380952
B1234567/S81246,2473.52380952
B1234567/S81247,2473.52380952
B1234567/S81245,2473.52380952
B1234567/S856,2473.52380952
B1234567/S857,2473.52380952
B1234567/S1567,2472.52380952
B1234567/S267,2472.52380952
B1234567/S23567,2472.52380952
B1234567/S467,2472.52380952
B1234567/S123,2472.52380952
B1234567/S126,2472.52380952
B1234567/S127,2472.52380952
B1234567/S124,2472.52380952
B1234567/S125,2472.52380952
B1234567/S134567,2472.52380952
B1234567/S13457,2472.52380952
B1234567/S3,2472.52380952
B1234567/S2567,2472.52380952
B1234567/S3567,2472.52380952
B1234567/S2367,2472.52380952
B1234567/S123567,2472.52380952
B1234567/S247,2472.52380952
B1234567/S246,2472.52380952
B1234567/S245,2472.52380952
B1234567/S12467,2472.52380952
B1234567/S1234567,2472.52380952
B1234567/S2356,2472.52380952
B1234567/S2357,2472.52380952
B1234567/S13456,2472.52380952
B1234567/S256,2472.52380952
B1234567/S257,2472.52380952
B1234567/S14567,2472.52380952
B1234567/S2347,2472.52380952
B1234567/S2346,2472.52380952
B1234567/S2345,2472.52380952
B1234567/S1457,2472.52380952
B1234567/S45,2472.52380952
B1234567/S46,2472.52380952
B1234567/S47,2472.52380952
B1234567/S12347,2472.52380952
B1234567/S12346,2472.52380952
B1234567/S12345,2472.52380952
B1234567/S12567,2472.52380952
B1234567/S13567,2472.52380952
B1234567/S57,2472.52380952
B1234567/S56,2472.52380952
B1234567/S34567,2472.52380952
B1234567/S123457,2472.52380952
B1234567/S123456,2472.52380952
B1234567/S357,2472.52380952
B1234567/S356,2472.52380952
B1234567/S23457,2472.52380952
B1234567/S23456,2472.52380952
B1234567/S4567,2472.52380952
B1234567/S12356,2472.52380952
B1234567/S12357,2472.52380952
B1234567/S2467,2472.52380952
B1234567/S123467,2472.52380952
B1234567/S346,2472.52380952
B1234567/S347,2472.52380952
B1234567/S345,2472.52380952
B1234567/S1467,2472.52380952
B1234567/S1267,2472.52380952
B1234567/S12367,2472.52380952
B1234567/S234567,2472.52380952
B1234567/S1256,2472.52380952
B1234567/S1257,2472.52380952
B1234567/S567,2472.52380952
B1234567/S367,2472.52380952
B1234567/S23467,2472.52380952
B1234567/S1247,2472.52380952
B1234567/S1246,2472.52380952
B1234567/S1245,2472.52380952
B1234567/S13,2472.52380952
B1234567/S12,2472.52380952
B1234567/S17,2472.52380952
B1234567/S16,2472.52380952
B1234567/S15,2472.52380952
B1234567/S14,2472.52380952
B1234567/S7,2472.52380952
B1234567/S6,2472.52380952
B1234567/S5,2472.52380952
B1234567/S4,2472.52380952
B1234567/S2,2472.52380952
B1234567/S1,2472.52380952
B1234567/S2457,2472.52380952
B1234567/S2456,2472.52380952
B1234567/S1236,2472.52380952
B1234567/S1237,2472.52380952
B1234567/S1234,2472.52380952
B1234567/S1235,2472.52380952
B1234567/S124567,2472.52380952
B1234567/S1346,2472.52380952
B1234567/S1347,2472.52380952
B1234567/S1345,2472.52380952
B1234567/S26,2472.52380952
B1234567/S27,2472.52380952
B1234567/S24,2472.52380952
B1234567/S25,2472.52380952
B1234567/S23,2472.52380952
B1234567/S13467,2472.52380952
B1234567/S3467,2472.52380952
B1234567/S67,2472.52380952
B1234567/S167,2472.52380952
B1234567/S24567,2472.52380952
B1234567/S236,2472.52380952
B1234567/S235,2472.52380952
B1234567/S1357,2472.52380952
B1234567/S1356,2472.52380952
B1234567/S35,2472.52380952
B1234567/S34,2472.52380952
B1234567/S37,2472.52380952
B1234567/S36,2472.52380952
B1234567/S237,2472.52380952
B1234567/S234,2472.52380952
B1234567/S3456,2472.52380952
B1234567/S3457,2472.52380952
B1234567/S1456,2472.52380952
B1234567/S157,2472.52380952
B1234567/S156,2472.52380952
B1234567/S1367,2472.52380952
B1234567/S145,2472.52380952
B1234567/S146,2472.52380952
B1234567/S147,2472.52380952
B1234567/S456,2472.52380952
B1234567/S457,2472.52380952
B1234567/S12457,2472.52380952
B1234567/S12456,2472.52380952
B1234567/S135,2472.52380952
B1234567/S134,2472.52380952
B1234567/S137,2472.52380952
B1234567/S136,2472.52380952
B123456/S1234578,2472.38095238
B123456/S8167,2472.38095238
B123456/S8367,2472.38095238
B123456/S847,2472.38095238
B123456/S134578,2472.38095238
B123456/S82567,2472.38095238
B123456/S123578,2472.38095238
B123456/S145678,2472.38095238
B123456/S8567,2472.38095238
B123456/S345678,2472.38095238
B123456/S8347,2472.38095238
B123456/S81267,2472.38095238
B123456/S867,2472.38095238
B123456/S82367,2472.38095238
B123456/S83567,2472.38095238
B123456/S81457,2472.38095238
B123456/S8357,2472.38095238
B123456/S234578,2472.38095238
B123456/S81467,2472.38095238
B123456/S81247,2472.38095238
B123456/S134678,2472.38095238
B123456/S82347,2472.38095238
B123456/S1234678,2472.38095238
B123456/S1235678,2472.38095238
B123456/S81257,2472.38095238
B123456/S82357,2472.38095238
B123456/S8237,2472.38095238
B123456/S83467,2472.38095238
B123456/S84567,2472.38095238
B123456/S123678,2472.38095238
B123456/S81237,2472.38095238
B123456/S125678,2472.38095238
B123456/S135678,2472.38095238
B123456/S124678,2472.38095238
B123456/S2345678,2472.38095238
B123456/S123478,2472.38095238
B123456/S8257,2472.38095238
B123456/S8247,2472.38095238
B123456/S83457,2472.38095238
B123456/S87,2472.38095238
B123456/S245678,2472.38095238
B123456/S817,2472.38095238
B123456/S82467,2472.38095238
B123456/S81357,2472.38095238
B123456/S8127,2472.38095238
B123456/S234678,2472.38095238
B123456/S82457,2472.38095238
B123456/S8467,2472.38095238
B123456/S81347,2472.38095238
B123456/S8137,2472.38095238
B123456/S837,2472.38095238
B123456/S1245678,2472.38095238
B123456/S8457,2472.38095238
B123456/S12345678,2472.38095238
B123456/S8147,2472.38095238
B123456/S827,2472.38095238
B123456/S1345678,2472.38095238
B123456/S235678,2472.38095238
B123456/S8267,2472.38095238
B123456/S124578,2472.38095238
B123456/S81367,2472.38095238
B123456/S81567,2472.38095238
B123456/S8157,2472.38095238
B123456/S857,2472.38095238
B123456/S457,2471.38095238
B123456/S124567,2471.38095238
B123456/S24567,2471.38095238
B123456/S123567,2471.38095238
B123456/S14567,2471.38095238
B123456/S17,2471.38095238
B123456/S12357,2471.38095238
B123456/S1367,2471.38095238
B123456/S1567,2471.38095238
B123456/S3457,2471.38095238
B123456/S2457,2471.38095238
B123456/S467,2471.38095238
B123456/S12347,2471.38095238
B123456/S267,2471.38095238
B123456/S1357,2471.38095238
B123456/S3467,2471.38095238
B123456/S67,2471.38095238
B123456/S257,2471.38095238
B123456/S13567,2471.38095238
B123456/S12567,2471.38095238
B123456/S1347,2471.38095238
B123456/S57,2471.38095238
B123456/S12367,2471.38095238
B123456/S247,2471.38095238
B123456/S234567,2471.38095238
B123456/S1247,2471.38095238
B123456/S23567,2471.38095238
B123456/S2467,2471.38095238
B123456/S1467,2471.38095238
B123456/S47,2471.38095238
B123456/S347,2471.38095238
B123456/S1257,2471.38095238
B123456/S367,2471.38095238
B123456/S357,2471.38095238
B123456/S34567,2471.38095238
B123456/S1267,2471.38095238
B123456/S4567,2471.38095238
B123456/S567,2471.38095238
B123456/S37,2471.38095238
B123456/S167,2471.38095238
B123456/S1457,2471.38095238
B123456/S7,2471.38095238
B123456/S2347,2471.38095238
B123456/S13457,2471.38095238
B123456/S12467,2471.38095238
B123456/S23457,2471.38095238
B123456/S123467,2471.38095238
B123456/S2357,2471.38095238
B123456/S147,2471.38095238
B123456/S23467,2471.38095238
B123456/S2567,2471.38095238
B123456/S123457,2471.38095238
B123456/S2367,2471.38095238
B123456/S157,2471.38095238
B123456/S12457,2471.38095238
B123456/S127,2471.38095238
B123456/S13467,2471.38095238
B123456/S237,2471.38095238
B123456/S1237,2471.38095238
B123456/S3567,2471.38095238
B123456/S134567,2471.38095238
B123456/S1234567,2471.38095238
B123456/S137,2471.38095238
B123456/S27,2471.38095238
B123456/S124568,2468.38095238
B123456/S846,2468.38095238
B123456/S845,2468.38095238
B123456/S8346,2468.38095238
B123456/S8345,2468.38095238
B123456/S81456,2468.38095238
B123456/S8356,2468.38095238
B123456/S81245,2468.38095238
B123456/S81246,2468.38095238
B123456/S234568,2468.38095238
B123456/S82345,2468.38095238
B123456/S82346,2468.38095238
B123456/S81235,2468.38095238
B123456/S81234,2468.38095238
B123456/S123568,2468.38095238
B123456/S81256,2468.38095238
B123456/S82356,2468.38095238
B123456/S8236,2468.38095238
B123456/S8235,2468.38095238
B123456/S8234,2468.38095238
B123456/S81236,2468.38095238
B123456/S8,2468.38095238
B123456/S8256,2468.38095238
B123456/S8246,2468.38095238
B123456/S8245,2468.38095238
B123456/S83456,2468.38095238
B123456/S82,2468.38095238
B123456/S83,2468.38095238
B123456/S81,2468.38095238
B123456/S86,2468.38095238
B123456/S84,2468.38095238
B123456/S85,2468.38095238
B123456/S123468,2468.38095238
B123456/S814,2468.38095238
B123456/S815,2468.38095238
B123456/S816,2468.38095238
B123456/S812,2468.38095238
B123456/S813,2468.38095238
B123456/S81356,2468.38095238
B123456/S123458,2468.38095238
B123456/S8123,2468.38095238
B123456/S8126,2468.38095238
B123456/S8125,2468.38095238
B123456/S8124,2468.38095238
B123456/S82456,2468.38095238
B123456/S81345,2468.38095238
B123456/S81346,2468.38095238
B123456/S8134,2468.38095238
B123456/S8135,2468.38095238
B123456/S8136,2468.38095238
B123456/S836,2468.38095238
B123456/S834,2468.38095238
B123456/S835,2468.38095238
B123456/S8456,2468.38095238
B123456/S8145,2468.38095238
B123456/S8146,2468.38095238
B123456/S825,2468.38095238
B123456/S824,2468.38095238
B123456/S826,2468.38095238
B123456/S823,2468.38095238
B123456/S134568,2468.38095238
B123456/S1234568,2468.38095238
B123456/S8156,2468.38095238
B123456/S856,2468.38095238
B12345/S81267,2467.71428571
B12345/S245678,2467.71428571
B12345/S81467,2467.71428571
B12345/S235678,2467.71428571
B12345/S82367,2467.71428571
B12345/S8367,2467.71428571
B12345/S83567,2467.71428571
B12345/S82567,2467.71428571
B12345/S134678,2467.71428571
B12345/S8567,2467.71428571
B12345/S84567,2467.71428571
B12345/S2345678,2467.71428571
B12345/S82467,2467.71428571
B12345/S12345678,2467.71428571
B12345/S135678,2467.71428571
B12345/S1235678,2467.71428571
B12345/S83467,2467.71428571
B12345/S1245678,2467.71428571
B12345/S145678,2467.71428571
B12345/S345678,2467.71428571
B12345/S1234678,2467.71428571
B12345/S123678,2467.71428571
B12345/S8467,2467.71428571
B12345/S81367,2467.71428571
B12345/S81567,2467.71428571
B12345/S8267,2467.71428571
B12345/S867,2467.71428571
B12345/S124678,2467.71428571
B12345/S234678,2467.71428571
B12345/S125678,2467.71428571
B12345/S1345678,2467.71428571
B12345/S8167,2467.71428571
B123456/S456,2467.38095238
B123456/S15,2467.38095238
B123456/S14,2467.38095238
B123456/S16,2467.38095238
B123456/S13,2467.38095238
B123456/S12,2467.38095238
B123456/S2356,2467.38095238
B123456/S12356,2467.38095238
B123456/S124,2467.38095238
B123456/S126,2467.38095238
B123456/S125,2467.38095238
B123456/S3456,2467.38095238
B123456/S2456,2467.38095238
B123456/S12345,2467.38095238
B123456/S12346,2467.38095238
B123456/S1356,2467.38095238
B123456/S256,2467.38095238
B123456/S1345,2467.38095238
B123456/S1346,2467.38095238
B123456/S56,2467.38095238
B123456/S245,2467.38095238
B123456/S246,2467.38095238
B123456/S1245,2467.38095238
B123456/S1246,2467.38095238
B123456/S46,2467.38095238
B123456/S45,2467.38095238
B123456/S345,2467.38095238
B123456/S346,2467.38095238
B123456/S1256,2467.38095238
B123456/S356,2467.38095238
B123456/S135,2467.38095238
B123456/S134,2467.38095238
B123456/S1456,2467.38095238
B123456/S1,2467.38095238
B123456/S5,2467.38095238
B123456/S4,2467.38095238
B123456/S6,2467.38095238
B123456/S2345,2467.38095238
B123456/S2346,2467.38095238
B123456/S13456,2467.38095238
B123456/S23456,2467.38095238
B123456/S146,2467.38095238
B123456/S145,2467.38095238
B123456/S123456,2467.38095238
B123456/S156,2467.38095238
B123456/S12456,2467.38095238
B123456/S3,2467.38095238
B123456/S2,2467.38095238
B123456/S123,2467.38095238
B123456/S234,2467.38095238
B123456/S235,2467.38095238
B123456/S236,2467.38095238
B123456/S1234,2467.38095238
B123456/S1235,2467.38095238
B123456/S1236,2467.38095238
B123456/S36,2467.38095238
B123456/S35,2467.38095238
B123456/S34,2467.38095238
B123456/S136,2467.38095238
B123456/S23,2467.38095238
B123456/S24,2467.38095238
B123456/S25,2467.38095238
B123456/S26,2467.38095238
B12345/S367,2466.71428571
B12345/S12467,2466.71428571
B12345/S2467,2466.71428571
B12345/S4567,2466.71428571
B12345/S1467,2466.71428571
B12345/S13467,2466.71428571
B12345/S1267,2466.71428571
B12345/S124567,2466.71428571
B12345/S24567,2466.71428571
B12345/S14567,2466.71428571
B12345/S2367,2466.71428571
B12345/S234567,2466.71428571
B12345/S23567,2466.71428571
B12345/S123467,2466.71428571
B12345/S67,2466.71428571
B12345/S13567,2466.71428571
B12345/S2567,2466.71428571
B12345/S467,2466.71428571
B12345/S267,2466.71428571
B12345/S3567,2466.71428571
B12345/S12367,2466.71428571
B12345/S12567,2466.71428571
B12345/S167,2466.71428571
B12345/S134567,2466.71428571
B12345/S1567,2466.71428571
B12345/S1367,2466.71428571
B12345/S23467,2466.71428571
B12345/S123567,2466.71428571
B12345/S567,2466.71428571
B12345/S1234567,2466.71428571
B12345/S34567,2466.71428571
B12345/S3467,2466.71428571
B12345/S826,2463.71428571
B12345/S81246,2463.71428571
B12345/S82346,2463.71428571
B12345/S8346,2463.71428571
B12345/S8126,2463.71428571
B12345/S81256,2463.71428571
B12345/S82356,2463.71428571
B12345/S8356,2463.71428571
B12345/S8136,2463.71428571
B12345/S124568,2463.71428571
B12345/S81356,2463.71428571
B12345/S234568,2463.71428571
B12345/S8256,2463.71428571
B12345/S856,2463.71428571
B12345/S81346,2463.71428571
B12345/S123468,2463.71428571
B12345/S8246,2463.71428571
B12345/S86,2463.71428571
B12345/S846,2463.71428571
B12345/S83456,2463.71428571
B12345/S8456,2463.71428571
B12345/S1234568,2463.71428571
B12345/S82456,2463.71428571
B12345/S8146,2463.71428571
B12345/S816,2463.71428571
B12345/S81236,2463.71428571
B12345/S134568,2463.71428571
B12345/S8156,2463.71428571
B12345/S8236,2463.71428571
B12345/S123568,2463.71428571
B12345/S836,2463.71428571
B12345/S81456,2463.71428571
B12345/S1346,2462.71428571
B12345/S12456,2462.71428571
B12345/S13456,2462.71428571
B12345/S1236,2462.71428571
B12345/S1246,2462.71428571
B12345/S146,2462.71428571
B12345/S26,2462.71428571
B12345/S6,2462.71428571
B12345/S1256,2462.71428571
B12345/S156,2462.71428571
B12345/S2346,2462.71428571
B12345/S2356,2462.71428571
B12345/S1456,2462.71428571
B12345/S456,2462.71428571
B12345/S12356,2462.71428571
B12345/S12346,2462.71428571
B12345/S123456,2462.71428571
B12345/S56,2462.71428571
B12345/S126,2462.71428571
B12345/S46,2462.71428571
B12345/S136,2462.71428571
B12345/S256,2462.71428571
B12345/S36,2462.71428571
B12345/S23456,2462.71428571
B12345/S246,2462.71428571
B12345/S2456,2462.71428571
B12345/S236,2462.71428571
B12345/S3456,2462.71428571
B12345/S346,2462.71428571
B12345/S1356,2462.71428571
B12345/S16,2462.71428571
B12345/S356,2462.71428571
B12345/S827,2454.05555556
B12345/S1234578,2454.05555556
B12345/S81247,2454.05555556
B12345/S82347,2454.05555556
B12345/S8347,2454.05555556
B12345/S8127,2454.05555556
B12345/S124578,2454.05555556
B12345/S81257,2454.05555556
B12345/S82357,2454.05555556
B12345/S8357,2454.05555556
B12345/S234578,2454.05555556
B12345/S81357,2454.05555556
B12345/S123478,2454.05555556
B12345/S8257,2454.05555556
B12345/S857,2454.05555556
B12345/S81347,2454.05555556
B12345/S8247,2454.05555556
B12345/S87,2454.05555556
B12345/S847,2454.05555556
B12345/S83457,2454.05555556
B12345/S8137,2454.05555556
B12345/S8457,2454.05555556
B12345/S82457,2454.05555556
B12345/S8147,2454.05555556
B12345/S81237,2454.05555556
B12345/S817,2454.05555556
B12345/S8157,2454.05555556
B12345/S134578,2454.05555556
B12345/S8237,2454.05555556
B12345/S837,2454.05555556
B12345/S81457,2454.05555556
B12345/S123578,2454.05555556
B12345/S1347,2453.05555556
B12345/S12457,2453.05555556
B12345/S13457,2453.05555556
B12345/S1237,2453.05555556
B12345/S1247,2453.05555556
B12345/S147,2453.05555556
B12345/S27,2453.05555556
B12345/S7,2453.05555556
B12345/S1257,2453.05555556
B12345/S157,2453.05555556
B12345/S2347,2453.05555556
B12345/S2357,2453.05555556
B12345/S1457,2453.05555556
B12345/S457,2453.05555556
B12345/S12357,2453.05555556
B12345/S12347,2453.05555556
B12345/S1357,2453.05555556
B12345/S123457,2453.05555556
B12345/S57,2453.05555556
B12345/S127,2453.05555556
B12345/S47,2453.05555556
B12345/S137,2453.05555556
B12345/S257,2453.05555556
B12345/S37,2453.05555556
B12345/S247,2453.05555556
B12345/S2457,2453.05555556
B12345/S237,2453.05555556
B12345/S3457,2453.05555556
B12345/S347,2453.05555556
B12345/S23457,2453.05555556
B12345/S17,2453.05555556
B12345/S357,2453.05555556
B1234/S8567,2451.5
B1234/S345678,2451.5
B1234/S12345678,2451.5
B1234/S81567,2451.5
B1234/S1345678,2451.5
B1234/S235678,2451.5
B1234/S2345678,2451.5
B1234/S245678,2451.5
B1234/S84567,2451.5
B1234/S125678,2451.5
B1234/S82567,2451.5
B1234/S83567,2451.5
B1234/S145678,2451.5
B1234/S1245678,2451.5
B1234/S1235678,2451.5
B1234/S135678,2451.5
B1234/S234567,2450.5
B1234/S14567,2450.5
B1234/S123567,2450.5
B1234/S1234567,2450.5
B1234/S134567,2450.5
B1234/S3567,2450.5
B1234/S24567,2450.5
B1234/S2567,2450.5
B1234/S4567,2450.5
B1234/S13567,2450.5
B1234/S23567,2450.5
B1234/S567,2450.5
B1234/S12567,2450.5
B1234/S1567,2450.5
B1234/S34567,2450.5
B1234/S124567,2450.5
B12345/S824,2450.05555556
B12345/S825,2450.05555556
B12345/S823,2450.05555556
B12345/S8,2450.05555556
B12345/S81245,2450.05555556
B12345/S82345,2450.05555556
B12345/S8345,2450.05555556
B12345/S8123,2450.05555556
B12345/S8124,2450.05555556
B12345/S8125,2450.05555556
B12345/S81,2450.05555556
B12345/S81345,2450.05555556
B12345/S8245,2450.05555556
B12345/S85,2450.05555556
B12345/S84,2450.05555556
B12345/S83,2450.05555556
B12345/S82,2450.05555556
B12345/S845,2450.05555556
B12345/S123458,2450.05555556
B12345/S8135,2450.05555556
B12345/S8134,2450.05555556
B12345/S8145,2450.05555556
B12345/S815,2450.05555556
B12345/S813,2450.05555556
B12345/S812,2450.05555556
B12345/S81234,2450.05555556
B12345/S81235,2450.05555556
B12345/S814,2450.05555556
B12345/S8234,2450.05555556
B12345/S8235,2450.05555556
B12345/S835,2450.05555556
B12345/S834,2450.05555556
B12345/S1345,2449.05555556
B12345/S1235,2449.05555556
B12345/S1245,2449.05555556
B12345/S145,2449.05555556
B12345/S1234,2449.05555556
B12345/S4,2449.05555556
B12345/S2,2449.05555556
B12345/S3,2449.05555556
B12345/S1,2449.05555556
B12345/S2345,2449.05555556
B12345/S12345,2449.05555556
B12345/S123,2449.05555556
B12345/S125,2449.05555556
B12345/S124,2449.05555556
B12345/S45,2449.05555556
B12345/S134,2449.05555556
B12345/S135,2449.05555556
B12345/S5,2449.05555556
B12345/S34,2449.05555556
B12345/S35,2449.05555556
B12345/S245,2449.05555556
B12345/S25,2449.05555556
B12345/S24,2449.05555556
B12345/S23,2449.05555556
B12345/S235,2449.05555556
B12345/S234,2449.05555556
B12345/S345,2449.05555556
B12345/S12,2449.05555556
B12345/S13,2449.05555556
B12345/S14,2449.05555556
B12345/S15,2449.05555556
B1234/S234568,2447.5
B1234/S81256,2447.5
B1234/S123568,2447.5
B1234/S82456,2447.5
B1234/S1234568,2447.5
B1234/S134568,2447.5
B1234/S81356,2447.5
B1234/S8456,2447.5
B1234/S83456,2447.5
B1234/S8256,2447.5
B1234/S82356,2447.5
B1234/S81456,2447.5
B1234/S8356,2447.5
B1234/S8156,2447.5
B1234/S124568,2447.5
B1234/S856,2447.5
B1234/S3456,2446.5
B1234/S56,2446.5
B1234/S12356,2446.5
B1234/S2356,2446.5
B1234/S123456,2446.5
B1234/S1456,2446.5
B1234/S356,2446.5
B1234/S256,2446.5
B1234/S156,2446.5
B1234/S1256,2446.5
B1234/S12456,2446.5
B1234/S13456,2446.5
B1234/S2456,2446.5
B1234/S23456,2446.5
B1234/S1356,2446.5
B1234/S456,2446.5
B1234/S124578,2437.84126984
B1234/S123578,2437.84126984
B1234/S81257,2437.84126984
B1234/S234578,2437.84126984
B1234/S1234578,2437.84126984
B1234/S134578,2437.84126984
B1234/S82457,2437.84126984
B1234/S81357,2437.84126984
B1234/S8457,2437.84126984
B1234/S83457,2437.84126984
B1234/S8257,2437.84126984
B1234/S82357,2437.84126984
B1234/S81457,2437.84126984
B1234/S8357,2437.84126984
B1234/S8157,2437.84126984
B1234/S857,2437.84126984
B1234/S3457,2436.84126984
B1234/S57,2436.84126984
B1234/S12357,2436.84126984
B1234/S2357,2436.84126984
B1234/S123457,2436.84126984
B1234/S1457,2436.84126984
B1234/S357,2436.84126984
B1234/S257,2436.84126984
B1234/S157,2436.84126984
B1234/S1257,2436.84126984
B1234/S12457,2436.84126984
B1234/S13457,2436.84126984
B1234/S2457,2436.84126984
B1234/S23457,2436.84126984
B1234/S1357,2436.84126984
B1234/S457,2436.84126984
B1234/S8145,2433.84126984
B1234/S8135,2433.84126984
B1234/S81245,2433.84126984
B1234/S8235,2433.84126984
B1234/S8125,2433.84126984
B1234/S81235,2433.84126984
B1234/S81345,2433.84126984
B1234/S815,2433.84126984
B1234/S825,2433.84126984
B1234/S123458,2433.84126984
B1234/S835,2433.84126984
B1234/S8245,2433.84126984
B1234/S82345,2433.84126984
B1234/S85,2433.84126984
B1234/S8345,2433.84126984
B1234/S845,2433.84126984
B1234/S12345,2432.84126984
B1234/S45,2432.84126984
B1234/S245,2432.84126984
B1234/S2345,2432.84126984
B1234/S15,2432.84126984
B1234/S25,2432.84126984
B1234/S345,2432.84126984
B1234/S35,2432.84126984
B1234/S5,2432.84126984
B1234/S145,2432.84126984
B1234/S135,2432.84126984
B1234/S1245,2432.84126984
B1234/S125,2432.84126984
B1234/S235,2432.84126984
B1234/S1235,2432.84126984
B1234/S1345,2432.84126984
B1234/S867,2412.42857143
B1234/S83467,2412.42857143
B1234/S81367,2412.42857143
B1234/S8267,2412.42857143
B1234/S8467,2412.42857143
B1234/S124678,2412.42857143
B1234/S234678,2412.42857143
B1234/S1234678,2412.42857143
B1234/S123678,2412.42857143
B1234/S82367,2412.42857143
B1234/S134678,2412.42857143
B1234/S8167,2412.42857143
B1234/S82467,2412.42857143
B1234/S81467,2412.42857143
B1234/S81267,2412.42857143
B1234/S8367,2412.42857143
B1234/S1367,2411.42857143
B1234/S267,2411.42857143
B1234/S467,2411.42857143
B1234/S23467,2411.42857143
B1234/S67,2411.42857143
B1234/S2367,2411.42857143
B1234/S12367,2411.42857143
B1234/S123467,2411.42857143
B1234/S167,2411.42857143
B1234/S1467,2411.42857143
B1234/S1267,2411.42857143
B1234/S2467,2411.42857143
B1234/S367,2411.42857143
B1234/S13467,2411.42857143
B1234/S3467,2411.42857143
B1234/S12467,2411.42857143
B1234/S8146,2408.42857143
B1234/S8136,2408.42857143
B1234/S81246,2408.42857143
B1234/S8236,2408.42857143
B1234/S8126,2408.42857143
B1234/S81236,2408.42857143
B1234/S81346,2408.42857143
B1234/S816,2408.42857143
B1234/S826,2408.42857143
B1234/S836,2408.42857143
B1234/S123468,2408.42857143
B1234/S8246,2408.42857143
B1234/S82346,2408.42857143
B1234/S86,2408.42857143
B1234/S8346,2408.42857143
B1234/S846,2408.42857143
B1234/S12346,2407.42857143
B1234/S46,2407.42857143
B1234/S246,2407.42857143
B1234/S2346,2407.42857143
B1234/S16,2407.42857143
B1234/S26,2407.42857143
B1234/S346,2407.42857143
B1234/S36,2407.42857143
B1234/S6,2407.42857143
B1234/S146,2407.42857143
B1234/S136,2407.42857143
B1234/S1246,2407.42857143
B1234/S126,2407.42857143
B1234/S236,2407.42857143
B1234/S1236,2407.42857143
B1234/S1346,2407.42857143
B123/S345678,2404.14285714
B123/S1345678,2404.14285714
B123/S1245678,2404.14285714
B123/S145678,2404.14285714
B123/S245678,2404.14285714
B123/S2345678,2404.14285714
B123/S12345678,2404.14285714
B123/S84567,2404.14285714
B123/S4567,2403.14285714
B123/S234567,2403.14285714
B123/S34567,2403.14285714
B123/S124567,2403.14285714
B123/S134567,2403.14285714
B123/S14567,2403.14285714
B123/S24567,2403.14285714
B123/S1234567,2403.14285714
B123/S234568,2400.14285714
B123/S82456,2400.14285714
B123/S124568,2400.14285714
B123/S134568,2400.14285714
B123/S83456,2400.14285714
B123/S8456,2400.14285714
B123/S1234568,2400.14285714
B123/S81456,2400.14285714
B123/S123456,2399.14285714
B123/S1456,2399.14285714
B123/S23456,2399.14285714
B123/S12456,2399.14285714
B123/S2456,2399.14285714
B123/S456,2399.14285714
B123/S3456,2399.14285714
B123/S13456,2399.14285714
B1234/S8137,2398.76984127
B1234/S8147,2398.76984127
B1234/S81247,2398.76984127
B1234/S8237,2398.76984127
B1234/S8127,2398.76984127
B1234/S81237,2398.76984127
B1234/S81347,2398.76984127
B1234/S817,2398.76984127
B1234/S827,2398.76984127
B1234/S837,2398.76984127
B1234/S8247,2398.76984127
B1234/S123478,2398.76984127
B1234/S82347,2398.76984127
B1234/S87,2398.76984127
B1234/S8347,2398.76984127
B1234/S847,2398.76984127
B1234/S47,2397.76984127
B1234/S12347,2397.76984127
B1234/S247,2397.76984127
B1234/S2347,2397.76984127
B1234/S17,2397.76984127
B1234/S27,2397.76984127
B1234/S347,2397.76984127
B1234/S37,2397.76984127
B1234/S7,2397.76984127
B1234/S147,2397.76984127
B1234/S137,2397.76984127
B1234/S1247,2397.76984127
B1234/S127,2397.76984127
B1234/S237,2397.76984127
B1234/S1237,2397.76984127
B1234/S1347,2397.76984127
B1234/S8134,2394.76984127
B1234/S8234,2394.76984127
B1234/S8124,2394.76984127
B1234/S8123,2394.76984127
B1234/S81234,2394.76984127
B1234/S814,2394.76984127
B1234/S813,2394.76984127
B1234/S812,2394.76984127
B1234/S823,2394.76984127
B1234/S824,2394.76984127
B1234/S834,2394.76984127
B1234/S8,2394.76984127
B1234/S84,2394.76984127
B1234/S81,2394.76984127
B1234/S83,2394.76984127
B1234/S82,2394.76984127
B1234/S14,2393.76984127
B1234/S12,2393.76984127
B1234/S13,2393.76984127
B1234/S23,2393.76984127
B1234/S24,2393.76984127
B1234/S34,2393.76984127
B1234/S4,2393.76984127
B1234/S1,2393.76984127
B1234/S2,2393.76984127
B1234/S3,2393.76984127
B1234/S134,2393.76984127
B1234/S124,2393.76984127
B1234/S123,2393.76984127
B1234/S234,2393.76984127
B1234/S1234,2393.76984127
B123/S234578,2390.48412698
B123/S81457,2390.48412698
B123/S82457,2390.48412698
B123/S134578,2390.48412698
B123/S124578,2390.48412698
B123/S83457,2390.48412698
B123/S1234578,2390.48412698
B123/S8457,2390.48412698
B123/S123457,2389.48412698
B123/S1457,2389.48412698
B123/S23457,2389.48412698
B123/S12457,2389.48412698
B123/S2457,2389.48412698
B123/S457,2389.48412698
B123/S3457,2389.48412698
B123/S13457,2389.48412698
B123/S123458,2386.48412698
B123/S81245,2386.48412698
B123/S82345,2386.48412698
B123/S8345,2386.48412698
B123/S81345,2386.48412698
B123/S8145,2386.48412698
B123/S845,2386.48412698
B123/S8245,2386.48412698
B123/S2345,2385.48412698
B123/S345,2385.48412698
B123/S45,2385.48412698
B123/S145,2385.48412698
B123/S1245,2385.48412698
B123/S1345,2385.48412698
B123/S245,2385.48412698
B123/S12345,2385.48412698
B123/S124678,2365.07142857
B123/S82467,2365.07142857
B123/S134678,2365.07142857
B123/S83467,2365.07142857
B123/S1234678,2365.07142857
B123/S81467,2365.07142857
B123/S8467,2365.07142857
B123/S234678,2365.07142857
B123/S123467,2364.07142857
B123/S2467,2364.07142857
B123/S13467,2364.07142857
B123/S3467,2364.07142857
B123/S12467,2364.07142857
B123/S1467,2364.07142857
B123/S467,2364.07142857
B123/S23467,2364.07142857
B123/S123468,2361.07142857
B123/S81246,2361.07142857
B123/S82346,2361.07142857
B123/S8346,2361.07142857
B123/S81346,2361.07142857
B123/S8146,2361.07142857
B123/S846,2361.07142857
B123/S8246,2361.07142857
B123/S2346,2360.07142857
B123/S346,2360.07142857
B123/S46,2360.07142857
B123/S146,2360.07142857
B123/S1246,2360.07142857
B123/S1346,2360.07142857
B123/S246,2360.07142857
B123/S12346,2360.07142857
B123/S123478,2351.41269841
B123/S81247,2351.41269841
B123/S8347,2351.41269841
B123/S81347,2351.41269841
B123/S8147,2351.41269841
B123/S847,2351.41269841
B123/S82347,2351.41269841
B123/S8247,2351.41269841
B123/S2347,2350.41269841
B123/S347,2350.41269841
B123/S147,2350.41269841
B123/S1247,2350.41269841
B123/S1347,2350.41269841
B123/S47,2350.41269841
B123/S247,2350.41269841
B123/S12347,2350.41269841
B123/S8134,2347.41269841
B123/S81234,2347.41269841
B123/S84,2347.41269841
B123/S8234,2347.41269841
B123/S8124,2347.41269841
B123/S814,2347.41269841
B123/S824,2347.41269841
B123/S834,2347.41269841
B123/S14,2346.41269841
B123/S24,2346.41269841
B123/S34,2346.41269841
B123/S4,2346.41269841
B123/S134,2346.41269841
B123/S234,2346.41269841
B123/S124,2346.41269841
B123/S1234,2346.41269841
B123/S135678,2310.1031746
B123/S1235678,2310.1031746
B123/S81567,2310.1031746
B123/S8567,2310.1031746
B123/S235678,2310.1031746
B123/S83567,2310.1031746
B123/S82567,2310.1031746
B123/S125678,2310.1031746
B123/S12567,2309.1031746
B123/S13567,2309.1031746
B123/S567,2309.1031746
B123/S1567,2309.1031746
B123/S123567,2309.1031746
B123/S2567,2309.1031746
B123/S3567,2309.1031746
B123/S23567,2309.1031746
B123/S8256,2306.1031746
B123/S81256,2306.1031746
B123/S8156,2306.1031746
B123/S81356,2306.1031746
B123/S8356,2306.1031746
B123/S856,2306.1031746
B123/S123568,2306.1031746
B123/S82356,2306.1031746
B123/S356,2305.1031746
B123/S256,2305.1031746
B123/S156,2305.1031746
B123/S1256,2305.1031746
B123/S1356,2305.1031746
B123/S56,2305.1031746
B123/S12356,2305.1031746
B123/S2356,2305.1031746
B123/S8257,2296.44444444
B123/S81257,2296.44444444
B123/S8157,2296.44444444
B123/S81357,2296.44444444
B123/S8357,2296.44444444
B123/S857,2296.44444444
B123/S123578,2296.44444444
B123/S82357,2296.44444444
B123/S357,2295.44444444
B123/S157,2295.44444444
B123/S1257,2295.44444444
B123/S1357,2295.44444444
B123/S57,2295.44444444
B123/S257,2295.44444444
B123/S12357,2295.44444444
B123/S2357,2295.44444444
B123/S815,2292.44444444
B123/S81235,2292.44444444
B123/S825,2292.44444444
B123/S8135,2292.44444444
B123/S8235,2292.44444444
B123/S8125,2292.44444444
B123/S85,2292.44444444
B123/S835,2292.44444444
B123/S15,2291.44444444
B123/S25,2291.44444444
B123/S35,2291.44444444
B123/S5,2291.44444444
B123/S135,2291.44444444
B123/S235,2291.44444444
B123/S125,2291.44444444
B123/S1235,2291.44444444
B123/S81267,2271.03174603
B123/S123678,2271.03174603
B123/S8167,2271.03174603
B123/S8367,2271.03174603
B123/S81367,2271.03174603
B123/S867,2271.03174603
B123/S82367,2271.03174603
B123/S8267,2271.03174603
B123/S67,2270.03174603
B123/S167,2270.03174603
B123/S1267,2270.03174603
B123/S367,2270.03174603
B123/S1367,2270.03174603
B123/S267,2270.03174603
B123/S2367,2270.03174603
B123/S12367,2270.03174603
B123/S8136,2267.03174603
B123/S81236,2267.03174603
B123/S86,2267.03174603
B123/S826,2267.03174603
B123/S8236,2267.03174603
B123/S8126,2267.03174603
B123/S816,2267.03174603
B123/S836,2267.03174603
B123/S16,2266.03174603
B123/S26,2266.03174603
B123/S6,2266.03174603
B123/S36,2266.03174603
B123/S136,2266.03174603
B123/S236,2266.03174603
B123/S126,2266.03174603
B123/S1236,2266.03174603
B123/S8137,2257.37301587
B123/S81237,2257.37301587
B123/S87,2257.37301587
B123/S827,2257.37301587
B123/S8237,2257.37301587
B123/S8127,2257.37301587
B123/S817,2257.37301587
B123/S837,2257.37301587
B123/S17,2256.37301587
B123/S27,2256.37301587
B123/S37,2256.37301587
B123/S7,2256.37301587
B123/S137,2256.37301587
B123/S237,2256.37301587
B123/S127,2256.37301587
B123/S1237,2256.37301587
B123/S8,2253.37301587
B123/S81,2253.37301587
B123/S83,2253.37301587
B123/S82,2253.37301587
B123/S8123,2253.37301587
B123/S812,2253.37301587
B123/S813,2253.37301587
B123/S823,2253.37301587
B123/S13,2252.37301587
B123/S12,2252.37301587
B123/S23,2252.37301587
B123/S3,2252.37301587
B123/S2,2252.37301587
B123/S1,2252.37301587
B123/S123,2252.37301587
B12/S1345678,2242.43650794
B12/S12345678,2242.43650794
B12/S345678,2242.43650794
B12/S2345678,2242.43650794
B12/S1234567,2241.43650794
B12/S34567,2241.43650794
B12/S234567,2241.43650794
B12/S134567,2241.43650794
B12/S1234568,2238.43650794
B12/S234568,2238.43650794
B12/S83456,2238.43650794
B12/S134568,2238.43650794
B12/S23456,2237.43650794
B12/S123456,2237.43650794
B12/S13456,2237.43650794
B12/S3456,2237.43650794
B12/S134578,2228.77777778
B12/S1234578,2228.77777778
B12/S234578,2228.77777778
B12/S83457,2228.77777778
B12/S23457,2227.77777778
B12/S123457,2227.77777778
B12/S13457,2227.77777778
B12/S3457,2227.77777778
B12/S82345,2224.77777778
B12/S123458,2224.77777778
B12/S8345,2224.77777778
B12/S81345,2224.77777778
B12/S1345,2223.77777778
B12/S12345,2223.77777778
B12/S2345,2223.77777778
B12/S345,2223.77777778
B12/S83467,2203.36507937
B12/S234678,2203.36507937
B12/S134678,2203.36507937
B12/S1234678,2203.36507937
B12/S13467,2202.36507937
B12/S23467,2202.36507937
B12/S123467,2202.36507937
B12/S3467,2202.36507937
B12/S82346,2199.36507937
B12/S81346,2199.36507937
B12/S123468,2199.36507937
B12/S8346,2199.36507937
B12/S12346,2198.36507937
B12/S2346,2198.36507937
B12/S1346,2198.36507937
B12/S346,2198.36507937
B12/S82347,2189.70634921
B12/S123478,2189.70634921
B12/S81347,2189.70634921
B12/S8347,2189.70634921
B12/S12347,2188.70634921
B12/S1347,2188.70634921
B12/S2347,2188.70634921
B12/S347,2188.70634921
B12/S8234,2185.70634921
B12/S8134,2185.70634921
B12/S81234,2185.70634921
B12/S834,2185.70634921
B12/S134,2184.70634921
B12/S1234,2184.70634921
B12/S234,2184.70634921
B12/S34,2184.70634921
B12/S83567,2148.3968254
B12/S135678,2148.3968254
B12/S1235678,2148.3968254
B12/S235678,2148.3968254
B12/S123567,2147.3968254
B12/S23567,2147.3968254
B12/S3567,2147.3968254
B12/S13567,2147.3968254
B12/S123568,2144.3968254
B12/S8356,2144.3968254
B12/S82356,2144.3968254
B12/S81356,2144.3968254
B12/S356,2143.3968254
B12/S1356,2143.3968254
B12/S2356,2143.3968254
B12/S12356,2143.3968254
B12/S8357,2134.73809524
B12/S123578,2134.73809524
B12/S82357,2134.73809524
B12/S81357,2134.73809524
B12/S357,2133.73809524
B12/S1357,2133.73809524
B12/S2357,2133.73809524
B12/S12357,2133.73809524
B12/S8135,2130.73809524
B12/S8235,2130.73809524
B12/S81235,2130.73809524
B12/S835,2130.73809524
B12/S135,2129.73809524
B12/S1235,2129.73809524
B12/S35,2129.73809524
B12/S235,2129.73809524
B12/S8367,2109.32539683
B12/S82367,2109.32539683
B12/S123678,2109.32539683
B12/S81367,2109.32539683
B12/S12367,2108.32539683
B12/S367,2108.32539683
B12/S2367,2108.32539683
B12/S1367,2108.32539683
B12/S81236,2105.32539683
B12/S8136,2105.32539683
B12/S8236,2105.32539683
B12/S836,2105.32539683
B12/S136,2104.32539683
B12/S1236,2104.32539683
B12/S36,2104.32539683
B12/S236,2104.32539683
B12/S8137,2095.66666667
B12/S81237,2095.66666667
B12/S8237,2095.66666667
B12/S837,2095.66666667
B12/S137,2094.66666667
B12/S1237,2094.66666667
B12/S37,2094.66666667
B12/S237,2094.66666667
B12/S823,2091.66666667
B12/S83,2091.66666667
B12/S813,2091.66666667
B12/S8123,2091.66666667
B12/S13,2090.66666667
B12/S3,2090.66666667
B12/S123,2090.66666667
B12/S23,2090.66666667
B12/S1245678,2086.03174603
B12/S84567,2086.03174603
B12/S145678,2086.03174603
B12/S245678,2086.03174603
B12/S24567,2085.03174603
B12/S4567,2085.03174603
B12/S124567,2085.03174603
B12/S14567,2085.03174603
B12/S81456,2082.03174603
B12/S82456,2082.03174603
B12/S8456,2082.03174603
B12/S124568,2082.03174603
B12/S12456,2081.03174603
B12/S1456,2081.03174603
B12/S456,2081.03174603
B12/S2456,2081.03174603
B12/S81457,2072.37301587
B12/S124578,2072.37301587
B12/S8457,2072.37301587
B12/S82457,2072.37301587
B12/S1457,2071.37301587
B12/S457,2071.37301587
B12/S12457,2071.37301587
B12/S2457,2071.37301587
B12/S81245,2068.37301587
B12/S8245,2068.37301587
B12/S8145,2068.37301587
B12/S845,2068.37301587
B12/S145,2067.37301587
B12/S245,2067.37301587
B12/S45,2067.37301587
B12/S1245,2067.37301587
B12/S81467,2046.96031746
B12/S8467,2046.96031746
B12/S82467,2046.96031746
B12/S124678,2046.96031746
B12/S2467,2045.96031746
B12/S12467,2045.96031746
B12/S1467,2045.96031746
B12/S467,2045.96031746
B12/S8246,2042.96031746
B12/S81246,2042.96031746
B12/S8146,2042.96031746
B12/S846,2042.96031746
B12/S146,2041.96031746
B12/S46,2041.96031746
B12/S1246,2041.96031746
B12/S246,2041.96031746
B12/S8247,2033.3015873
B12/S81247,2033.3015873
B12/S8147,2033.3015873
B12/S847,2033.3015873
B12/S147,2032.3015873
B12/S47,2032.3015873
B12/S1247,2032.3015873
B12/S247,2032.3015873
B12/S824,2029.3015873
B12/S84,2029.3015873
B12/S8124,2029.3015873
B12/S814,2029.3015873
B12/S14,2028.3015873
B12/S124,2028.3015873
B12/S4,2028.3015873
B12/S24,2028.3015873
B12/S82567,1991.99206349
B12/S81567,1991.99206349
B12/S8567,1991.99206349
B12/S125678,1991.99206349
B12/S2567,1990.99206349
B12/S1567,1990.99206349
B12/S12567,1990.99206349
B12/S567,1990.99206349
B12/S81256,1987.99206349
B12/S856,1987.99206349
B12/S8256,1987.99206349
B12/S8156,1987.99206349
B12/S156,1986.99206349
B12/S56,1986.99206349
B12/S256,1986.99206349
B12/S1256,1986.99206349
B12/S8257,1978.33333333
B12/S81257,1978.33333333
B12/S857,1978.33333333
B12/S8157,1978.33333333
B12/S157,1977.33333333
B12/S57,1977.33333333
B12/S257,1977.33333333
B12/S1257,1977.33333333
B12/S85,1974.33333333
B12/S825,1974.33333333
B12/S815,1974.33333333
B12/S8125,1974.33333333
B12/S15,1973.33333333
B12/S125,1973.33333333
B12/S5,1973.33333333
B12/S25,1973.33333333
B12/S81267,1952.92063492
B12/S8267,1952.92063492
B12/S8167,1952.92063492
B12/S867,1952.92063492
B12/S1267,1951.92063492
B12/S67,1951.92063492
B12/S267,1951.92063492
B12/S167,1951.92063492
B12/S86,1948.92063492
B12/S8126,1948.92063492
B12/S816,1948.92063492
B12/S826,1948.92063492
B12/S16,1947.92063492
B12/S6,1947.92063492
B12/S126,1947.92063492
B12/S26,1947.92063492
B12/S827,1939.26190476
B12/S87,1939.26190476
B12/S817,1939.26190476
B12/S8127,1939.26190476
B12/S17,1938.26190476
B12/S7,1938.26190476
B12/S27,1938.26190476
B12/S127,1938.26190476
B12/S8,1935.26190476
B12/S81,1935.26190476
B12/S82,1935.26190476
B12/S812,1935.26190476
B12/S12,1934.26190476
B12/S2,1934.26190476
B12/S1,1934.26190476
B1/S2345678,1674.71428571
B1/S12345678,1674.71428571
B1/S234567,1673.71428571
B1/S1234567,1673.71428571
B1/S234568,1670.71428571
B1/S1234568,1670.71428571
B1/S23456,1669.71428571
B1/S123456,1669.71428571
B1/S234578,1661.05555556
B1/S1234578,1661.05555556
B1/S23457,1660.05555556
B1/S123457,1660.05555556
B1/S123458,1657.05555556
B1/S82345,1657.05555556
B1/S12345,1656.05555556
B1/S2345,1656.05555556
B1/S234678,1635.64285714
B1/S1234678,1635.64285714
B1/S123467,1634.64285714
B1/S23467,1634.64285714
B1/S123468,1631.64285714
B1/S82346,1631.64285714
B1/S12346,1630.64285714
B1/S2346,1630.64285714
B1/S123478,1621.98412698
B1/S82347,1621.98412698
B1/S12347,1620.98412698
B1/S2347,1620.98412698
B1/S8234,1617.98412698
B1/S81234,1617.98412698
B1/S234,1616.98412698
B1/S1234,1616.98412698
B1/S1235678,1580.67460317
B1/S235678,1580.67460317
B1/S23567,1579.67460317
B1/S123567,1579.67460317
B1/S123568,1576.67460317
B1/S82356,1576.67460317
B1/S12356,1575.67460317
B1/S2356,1575.67460317
B1/S123578,1567.01587302
B1/S82357,1567.01587302
B1/S12357,1566.01587302
B1/S2357,1566.01587302
B1/S8235,1563.01587302
B1/S81235,1563.01587302
B1/S235,1562.01587302
B1/S1235,1562.01587302
B1/S123678,1541.6031746
B1/S82367,1541.6031746
B1/S2367,1540.6031746
B1/S12367,1540.6031746
B1/S8236,1537.6031746
B1/S81236,1537.6031746
B1/S236,1536.6031746
B1/S1236,1536.6031746
B1/S345678,1530.0
B1/S1345678,1530.0
B1/S34567,1529.0
B1/S134567,1529.0
B1/S8237,1527.94444444
B1/S81237,1527.94444444
B1/S237,1526.94444444
B1/S1237,1526.94444444
B1/S83456,1526.0
B1/S134568,1526.0
B1/S13456,1525.0
B1/S3456,1525.0
B1/S823,1523.94444444
B1/S8123,1523.94444444
B1/S23,1522.94444444
B1/S123,1522.94444444
B1/S1245678,1518.30952381
B1/S245678,1518.30952381
B1/S24567,1517.30952381
B1/S124567,1517.30952381
B1/S83457,1516.34126984
B1/S134578,1516.34126984
B1/S13457,1515.34126984
B1/S3457,1515.34126984
B1/S124568,1514.30952381
B1/S82456,1514.30952381
B1/S2456,1513.30952381
B1/S12456,1513.30952381
B1/S8345,1512.34126984
B1/S81345,1512.34126984
B1/S345,1511.34126984
B1/S1345,1511.34126984
B1/S124578,1504.65079365
B1/S82457,1504.65079365
B1/S2457,1503.65079365
B1/S12457,1503.65079365
B1/S8245,1500.65079365
B1/S81245,1500.65079365
B1/S245,1499.65079365
B1/S1245,1499.65079365
B1/S83467,1490.92857143
B1/S134678,1490.92857143
B1/S3467,1489.92857143
B1/S13467,1489.92857143
B1/S81346,1486.92857143
B1/S8346,1486.92857143
B1/S1346,1485.92857143
B1/S346,1485.92857143
B1/S124678,1479.23809524
B1/S82467,1479.23809524
B1/S2467,1478.23809524
B1/S12467,1478.23809524
B1/S81347,1477.26984127
B1/S8347,1477.26984127
B1/S347,1476.26984127
B1/S1347,1476.26984127
B1/S8246,1475.23809524
B1/S81246,1475.23809524
B1/S246,1474.23809524
B1/S1246,1474.23809524
B1/S834,1473.26984127
B1/S8134,1473.26984127
B1/S134,1472.26984127
B1/S34,1472.26984127
B1/S8247,1465.57936508
B1/S81247,1465.57936508
B1/S247,1464.57936508
B1/S1247,1464.57936508
B1/S824,1461.57936508
B1/S8124,1461.57936508
B1/S24,1460.57936508
B1/S124,1460.57936508
B1/S83567,1435.96031746
B1/S135678,1435.96031746
B1/S3567,1434.96031746
B1/S13567,1434.96031746
B1/S81356,1431.96031746
B1/S8356,1431.96031746
B1/S1356,1430.96031746
B1/S356,1430.96031746
B1/S82567,1424.26984127
B1/S125678,1424.26984127
B1/S2567,1423.26984127
B1/S12567,1423.26984127
B1/S81357,1422.3015873
B1/S8357,1422.3015873
B1/S1357,1421.3015873
B1/S357,1421.3015873
B1/S8256,1420.26984127
B1/S81256,1420.26984127
B1/S1256,1419.26984127
B1/S256,1419.26984127
B1/S835,1418.3015873
B1/S8135,1418.3015873
B1/S135,1417.3015873
B1/S35,1417.3015873
B1/S8257,1410.61111111
B1/S81257,1410.61111111
B1/S257,1409.61111111
B1/S1257,1409.61111111
B1/S825,1406.61111111
B1/S8125,1406.61111111
B1/S25,1405.61111111
B1/S125,1405.61111111
B1/S81367,1396.88888889
B1/S8367,1396.88888889
B1/S1367,1395.88888889
B1/S367,1395.88888889
B1/S836,1392.88888889
B1/S8136,1392.88888889
B1/S136,1391.88888889
B1/S36,1391.88888889
B1/S8267,1385.1984127
B1/S81267,1385.1984127
B1/S267,1384.1984127
B1/S1267,1384.1984127
B1/S8137,1383.23015873
B1/S837,1383.23015873
B1/S137,1382.23015873
B1/S37,1382.23015873
B1/S826,1381.1984127
B1/S8126,1381.1984127
B1/S26,1380.1984127
B1/S126,1380.1984127
B1/S813,1379.23015873
B1/S83,1379.23015873
B1/S13,1378.23015873
B1/S3,1378.23015873
B1/S145678,1373.5952381
B1/S84567,1373.5952381
B1/S4567,1372.5952381
B1/S14567,1372.5952381
B1/S827,1371.53968254
B1/S8127,1371.53968254
B1/S27,1370.53968254
B1/S127,1370.53968254
B1/S8456,1369.5952381
B1/S81456,1369.5952381
B1/S1456,1368.5952381
B1/S456,1368.5952381
B1/S812,1367.53968254
B1/S82,1367.53968254
B1/S12,1366.53968254
B1/S2,1366.53968254
B1/S8457,1359.93650794
B1/S81457,1359.93650794
B1/S1457,1358.93650794
B1/S457,1358.93650794
B1/S845,1355.93650794
B1/S8145,1355.93650794
B1/S145,1354.93650794
B1/S45,1354.93650794
B1/S8467,1334.52380952
B1/S81467,1334.52380952
B1/S467,1333.52380952
B1/S1467,1333.52380952
B1/S846,1330.52380952
B1/S8146,1330.52380952
B1/S146,1329.52380952
B1/S46,1329.52380952
B1/S847,1320.86507937
B1/S8147,1320.86507937
B1/S147,1319.86507937
B1/S47,1319.86507937
B1/S84,1316.86507936
B1/S814,1316.86507936
B1/S4,1315.86507936
B1/S14,1315.86507936
B1/S81567,1279.55555556
B1/S8567,1279.55555556
B1/S1567,1278.55555556
B1/S567,1278.55555556
B1/S856,1275.55555556
B1/S8156,1275.55555556
B1/S156,1274.55555556
B1/S56,1274.55555556
B1/S8157,1265.8968254
B1/S857,1265.8968254
B1/S157,1264.8968254
B1/S57,1264.8968254
B1/S85,1261.8968254
B1/S815,1261.8968254
B1/S15,1260.8968254
B1/S5,1260.8968254
B1/S867,1240.48412698
B1/S8167,1240.48412698
B1/S167,1239.48412698
B1/S67,1239.48412698
B1/S816,1236.48412698
B1/S86,1236.48412698
B1/S16,1235.48412698
B1/S6,1235.48412698
B1/S817,1226.82539683
B1/S87,1226.82539683
B1/S7,1225.82539683
B1/S17,1225.82539683
B1/S8,1222.82539683
B1/S81,1222.82539683
B1/S1,1221.82539683
